{
  "instances": [
    {
      "esent": 2.746036043547673,
      "eopenrate": 0.07355094126475799,
      "eclickrate": 0.0,
      "avgorder": 2.0748333332483093,
      "ordfreq": 0.0,
      "paperless": 0.0,
      "refill": 0.0,
      "doorstep": 0.0,
      "created_year": 0.0,
      "created_month": 0.0,
      "created_day": 0.0,
      "account_age_days": 0.0
    }
  ]
}